SKU,Region,Rate,Version,MeterSubCategory
A0,US West 2,14.6,,A Series
A0,EU West,14.6,,A Series
A0,US East,14.6,,A Series
A0,EU North,14.6,,A Series
A0,US East 2,14.6,,A Series
A0,US West,14.6,,A Series
A0,AP East,14.6,,A Series
A0,AP Southeast,14.6,,A Series
A1,US West 2,37.23,,A Series
A1,US West,43.8,,A Series
A1,EU North,43.8,,A Series
A1,US East,43.8,,A Series
A1,AP East,43.8,,A Series
A1,EU West,43.8,,A Series
A1,AP Southeast,43.8,,A Series
A1,US East 2,43.8,,A Series
A10,US East,569.4,,A Series
A10,EU West,654.8100000000001,,A Series
A10,EU North,569.4,,A Series
A10,US West,569.4,,A Series
A11,US East,1138.8,,A Series
A11,EU West,1309.6200000000001,,A Series
A11,US West,1138.8,,A Series
A11,EU North,1138.8,,A Series
A2,US West 2,73.73,,A Series
A2,US East 2,87.6,,A Series
A2,AP Southeast,87.6,,A Series
A2,US East,87.6,,A Series
A2,EU West,87.6,,A Series
A2,AP East,87.6,,A Series
A2,US West,87.6,,A Series
A2,EU North,87.6,,A Series
A3,US West 2,147.46,,A Series
A3,EU West,175.2,,A Series
A3,AP Southeast,175.2,,A Series
A3,US West,175.2,,A Series
A3,US East,175.2,,A Series
A3,US East 2,175.2,,A Series
A3,AP East,175.2,,A Series
A3,EU North,175.2,,A Series
A4,US West 2,295.65000000000003,,A Series
A4,EU West,350.4,,A Series
A4,EU North,350.4,,A Series
A4,US East 2,350.4,,A Series
A4,AP East,350.4,,A Series
A4,US East,350.4,,A Series
A4,US West,350.4,,A Series
A4,AP Southeast,350.4,,A Series
A5,US West 2,160.6,,A Series
A5,US West,182.5,,A Series
A5,AP East,214.61999999999998,,A Series
A5,EU North,181.04,,A Series
A5,US East 2,160.6,,A Series
A5,EU West,197.10000000000002,,A Series
A5,US East,182.5,,A Series
A5,AP Southeast,197.10000000000002,,A Series
A6,US West 2,321.2,,A Series
A6,US East 2,321.2,,A Series
A6,EU North,362.08,,A Series
A6,AP Southeast,394.20000000000005,,A Series
A6,US East,365,,A Series
A6,EU West,394.20000000000005,,A Series
A6,AP East,429.23999999999995,,A Series
A6,US West,365,,A Series
A7,US West 2,642.4,,A Series
A7,US East,730,,A Series
A7,AP Southeast,788.4000000000001,,A Series
A7,EU West,788.4000000000001,,A Series
A7,EU North,724.16,,A Series
A7,US West,730,,A Series
A7,US East 2,642.4,,A Series
A7,AP East,858.4799999999999,,A Series
A8,US West,711.75,,A Series
A8,EU North,711.75,,A Series
A8,EU West,818.33,,A Series
A8,US East,711.75,,A Series
A9,EU North,1423.5,,A Series
A9,US West,1423.5,,A Series
A9,US East,1423.5,,A Series
A9,EU West,1637.3899999999999,,A Series
B12ms,AP East,511.72999999999996,,BS Series
B12ms,US East,364.27,,BS Series
B12ms,US West,434.34999999999997,,BS Series
B12ms,US East 2,364.27,,BS Series
B12ms,US West 2,364.27,,BS Series
B12ms,AP Southeast,462.82,,BS Series
B12ms,EU West,420.47999999999996,,BS Series
B12ms,EU North,398.58000000000004,,BS Series
B16ms,AP East,681.82,,BS Series
B16ms,AP Southeast,616.85,,BS Series
B16ms,US West,579.62,,BS Series
B16ms,US West 2,486.18,,BS Series
B16ms,US East,486.18,,BS Series
B16ms,EU West,560.64,,BS Series
B16ms,EU North,531.4399999999999,,BS Series
B16ms,US East 2,486.18,,BS Series
B1ls,AP East,5.329,,BS Series
B1ls,US East,3.796,,BS Series
B1ls,AP Southeast,4.818,,BS Series
B1ls,US West 2,3.796,,BS Series
B1ls,EU West,4.38,,BS Series
B1ls,US West,4.526,,BS Series
B1ls,US East 2,3.796,,BS Series
B1ls,EU North,4.1610000000000005,,BS Series
B1ms,US West 2,15.110999999999999,,BS Series
B1ms,AP East,21.316,,BS Series
B1ms,AP Southeast,19.272,,BS Series
B1ms,US West,18.104,,BS Series
B1ms,EU West,17.52,,BS Series
B1ms,US East 2,15.184,,BS Series
B1ms,EU North,16.571,,BS Series
B1ms,US East,15.110999999999999,,BS Series
B1s,AP East,10.658,,BS Series
B1s,US East 2,7.592,,BS Series
B1s,US West,9.052,,BS Series
B1s,US East,7.592,,BS Series
B1s,US West 2,7.592,,BS Series
B1s,AP Southeast,9.636,,BS Series
B1s,EU West,8.76,,BS Series
B1s,EU North,8.248999999999999,,BS Series
B20ms,AP East,852.64,,BS Series
B20ms,EU North,663.57,,BS Series
B20ms,US West,724.16,,BS Series
B20ms,EU West,700.8,,BS Series
B20ms,US East,607.36,,BS Series
B20ms,AP Southeast,770.88,,BS Series
B20ms,US East 2,607.36,,BS Series
B20ms,US West 2,607.36,,BS Series
B2ms,AP East,85.41000000000001,,BS Series
B2ms,US East 2,60.736,,BS Series
B2ms,US East,60.736,,BS Series
B2ms,US West,72.416,,BS Series
B2ms,US West 2,60.736,,BS Series
B2ms,AP Southeast,77.38,,BS Series
B2ms,EU West,70.08,,BS Series
B2ms,EU North,66.42999999999999,,BS Series
B2s,AP East,42.632,,BS Series
B2s,US East,30.368,,BS Series
B2s,EU West,35.04,,BS Series
B2s,US East 2,30.368,,BS Series
B2s,US West 2,30.368,,BS Series
B2s,US West,36.208,,BS Series
B2s,AP Southeast,38.544,,BS Series
B2s,EU North,32.85,,BS Series
B4ms,AP East,170.82000000000002,,BS Series
B4ms,US East,121.18,,BS Series
B4ms,US West 2,121.18,,BS Series
B4ms,US East 2,121.18,,BS Series
B4ms,US West,144.54000000000002,,BS Series
B4ms,EU West,140.16,,BS Series
B4ms,AP Southeast,154.03,,BS Series
B4ms,EU North,132.85999999999999,,BS Series
B8ms,AP East,340.91,,BS Series
B8ms,US East 2,243.09,,BS Series
B8ms,US West 2,243.09,,BS Series
B8ms,US East,243.09,,BS Series
B8ms,AP Southeast,308.06,,BS Series
B8ms,US West,289.81,,BS Series
B8ms,EU West,280.32,,BS Series
B8ms,EU North,265.71999999999997,,BS Series
D1,EU North,53.29,,D/DS Series
D1,EU West,61.32,,D/DS Series
D1,US East,56.21,,D/DS Series
D1,AP Southeast,71.54,,D/DS Series
D1,AP East,82.49000000000001,,D/DS Series
D1,US East 2,48.910000000000004,,D/DS Series
D1,US West,56.21,,D/DS Series
D11,US East 2,126.28999999999999,,D/DS Series
D11,EU North,140.89000000000001,,D/DS Series
D11,US East,140.89000000000001,,D/DS Series
D11,EU West,161.33,,D/DS Series
D11,US West,140.89000000000001,,D/DS Series
D11,AP Southeast,153.29999999999998,,D/DS Series
D11,AP East,176.66,,D/DS Series
D12,EU West,322.66,,D/DS Series
D12,US East 2,253.30999999999997,,D/DS Series
D12,US East,281.78000000000003,,D/DS Series
D12,EU North,281.78000000000003,,D/DS Series
D12,US West,281.78000000000003,,D/DS Series
D12,AP Southeast,306.59999999999997,,D/DS Series
D12,AP East,352.59,,D/DS Series
D13,US West,562.83,,D/DS Series
D13,US East 2,506.61999999999995,,D/DS Series
D13,EU West,646.05,,D/DS Series
D13,EU North,562.83,,D/DS Series
D13,US East,562.83,,D/DS Series
D13,AP East,705.18,,D/DS Series
D13,AP Southeast,613.1999999999999,,D/DS Series
D14,AP East,1410.36,,D/DS Series
D14,AP Southeast,1226.3999999999999,,D/DS Series
D14,EU West,1291.37,,D/DS Series
D14,US West,1125.66,,D/DS Series
D14,US East 2,1012.51,,D/DS Series
D14,EU North,1125.66,,D/DS Series
D14,US East,1125.66,,D/DS Series
D2,US East,112.42,,D/DS Series
D2,US East 2,97.82000000000001,,D/DS Series
D2,EU North,106.58,,D/DS Series
D2,AP East,164.25,,D/DS Series
D2,AP Southeast,143.08,,D/DS Series
D2,US West,112.42,,D/DS Series
D2,EU West,122.64,,D/DS Series
D3,US East 2,195.64000000000001,,D/DS Series
D3,EU West,245.28,,D/DS Series
D3,AP East,329.23,,D/DS Series
D3,EU North,213.16,,D/DS Series
D3,AP Southeast,286.16,,D/DS Series
D3,US East,224.84,,D/DS Series
D3,US West,224.84,,D/DS Series
D4,EU North,426.32,,D/DS Series
D4,US West,449.68,,D/DS Series
D4,AP Southeast,572.32,,D/DS Series
D4,US East,449.68,,D/DS Series
D4,AP East,658.46,,D/DS Series
D4,EU West,490.56,,D/DS Series
D4,US East 2,391.28000000000003,,D/DS Series
DC2s,EU West,187.61,,DCS Series
DC2s,US East,144.54000000000002,,DCS Series
DC4s,EU West,375.22,,DCS Series
DC4s,US East,288.35,,DCS Series
DS1,EU North,53.29,,D/DS Series
DS1,EU West,61.32,,D/DS Series
DS1,US East,56.21,,D/DS Series
DS1,AP Southeast,71.54,,D/DS Series
DS1,AP East,82.49000000000001,,D/DS Series
DS1,US East 2,48.910000000000004,,D/DS Series
DS1,US West,56.21,,D/DS Series
DS11,US East 2,126.28999999999999,,D/DS Series
DS11,EU North,140.89000000000001,,D/DS Series
DS11,US East,140.89000000000001,,D/DS Series
DS11,EU West,161.33,,D/DS Series
DS11,US West,140.89000000000001,,D/DS Series
DS11,AP Southeast,153.29999999999998,,D/DS Series
DS11,AP East,176.66,,D/DS Series
DS12,EU West,322.66,,D/DS Series
DS12,US East 2,253.30999999999997,,D/DS Series
DS12,US East,281.78000000000003,,D/DS Series
DS12,EU North,281.78000000000003,,D/DS Series
DS12,US West,281.78000000000003,,D/DS Series
DS12,AP Southeast,306.59999999999997,,D/DS Series
DS12,AP East,352.59,,D/DS Series
DS13,US West,562.83,,D/DS Series
DS13,US East 2,506.61999999999995,,D/DS Series
DS13,EU West,646.05,,D/DS Series
DS13,EU North,562.83,,D/DS Series
DS13,US East,562.83,,D/DS Series
DS13,AP East,705.18,,D/DS Series
DS13,AP Southeast,613.1999999999999,,D/DS Series
DS14,AP East,1410.36,,D/DS Series
DS14,AP Southeast,1226.3999999999999,,D/DS Series
DS14,EU West,1291.37,,D/DS Series
DS14,US West,1125.66,,D/DS Series
DS14,US East 2,1012.51,,D/DS Series
DS14,EU North,1125.66,,D/DS Series
DS14,US East,1125.66,,D/DS Series
DS2,US East,112.42,,D/DS Series
DS2,US East 2,97.82000000000001,,D/DS Series
DS2,EU North,106.58,,D/DS Series
DS2,AP East,164.25,,D/DS Series
DS2,AP Southeast,143.08,,D/DS Series
DS2,US West,112.42,,D/DS Series
DS2,EU West,122.64,,D/DS Series
DS3,US East 2,195.64000000000001,,D/DS Series
DS3,EU West,245.28,,D/DS Series
DS3,AP East,329.23,,D/DS Series
DS3,EU North,213.16,,D/DS Series
DS3,AP Southeast,286.16,,D/DS Series
DS3,US East,224.84,,D/DS Series
DS3,US West,224.84,,D/DS Series
DS4,EU North,426.32,,D/DS Series
DS4,US West,449.68,,D/DS Series
DS4,AP Southeast,572.32,,D/DS Series
DS4,US East,449.68,,D/DS Series
DS4,AP East,658.46,,D/DS Series
DS4,EU West,490.56,,D/DS Series
DS4,US East 2,391.28000000000003,,D/DS Series
F1,EU West,41.464000000000006,,F/FS Series
F1,AP Southeast,42.121,,F/FS Series
F1,US West 2,36.281,,F/FS Series
F1,EU North,41.318,,F/FS Series
F1,US East 2,36.281,,F/FS Series
F1,US East,36.281,,F/FS Series
F1,US West,45.26,,F/FS Series
F1,AP East,52.559999999999995,,F/FS Series
F16,US West,727.08,,F/FS Series
F16,US East 2,581.08,,F/FS Series
F16,AP Southeast,674.52,,F/FS Series
F16,EU North,660.65,,F/FS Series
F16,US West 2,581.08,,F/FS Series
F16,AP East,843.15,,F/FS Series
F16,US East,581.08,,F/FS Series
F16,EU West,663.57,,F/FS Series
F16s,US West,727.08,,F/FS Series
F16s,US East 2,581.08,,F/FS Series
F16s,AP Southeast,674.52,,F/FS Series
F16s,EU North,660.65,,F/FS Series
F16s,US West 2,581.08,,F/FS Series
F16s,AP East,843.15,,F/FS Series
F16s,US East,581.08,,F/FS Series
F16s,EU West,663.57,,F/FS Series
F1s,EU West,41.464000000000006,,F/FS Series
F1s,AP Southeast,42.121,,F/FS Series
F1s,US West 2,36.281,,F/FS Series
F1s,EU North,41.318,,F/FS Series
F1s,US East 2,36.281,,F/FS Series
F1s,US East,36.281,,F/FS Series
F1s,US West,45.26,,F/FS Series
F1s,AP East,52.559999999999995,,F/FS Series
F2,US East,72.27000000000001,,F/FS Series
F2,AP East,105.11999999999999,,F/FS Series
F2,EU North,82.49000000000001,,F/FS Series
F2,AP Southeast,83.95,,F/FS Series
F2,US West,90.52,,F/FS Series
F2,EU West,83.22,,F/FS Series
F2,US West 2,72.27000000000001,,F/FS Series
F2,US East 2,72.27000000000001,,F/FS Series
F2s,US East,72.27000000000001,,F/FS Series
F2s,AP East,105.11999999999999,,F/FS Series
F2s,EU North,82.49000000000001,,F/FS Series
F2s,AP Southeast,83.95,,F/FS Series
F2s,US West,90.52,,F/FS Series
F2s,EU West,83.22,,F/FS Series
F2s,US West 2,72.27000000000001,,F/FS Series
F2s,US East 2,72.27000000000001,,F/FS Series
F4,US East 2,145.27,,F/FS Series
F4,US East,145.27,,F/FS Series
F4,AP Southeast,168.63,,F/FS Series
F4,AP East,210.97,,F/FS Series
F4,US West 2,145.27,,F/FS Series
F4,EU West,165.71,,F/FS Series
F4,EU North,164.98000000000002,,F/FS Series
F4,US West,181.77,,F/FS Series
F4s,US East 2,145.27,,F/FS Series
F4s,US East,145.27,,F/FS Series
F4s,AP Southeast,168.63,,F/FS Series
F4s,AP East,210.97,,F/FS Series
F4s,US West 2,145.27,,F/FS Series
F4s,EU West,165.71,,F/FS Series
F4s,EU North,164.98000000000002,,F/FS Series
F4s,US West,181.77,,F/FS Series
F8,US East 2,290.54,,F/FS Series
F8,EU North,329.96000000000004,,F/FS Series
F8,EU West,331.42,,F/FS Series
F8,AP Southeast,337.26,,F/FS Series
F8,US East,290.54,,F/FS Series
F8,US West 2,290.54,,F/FS Series
F8,US West,363.54,,F/FS Series
F8,AP East,421.94,,F/FS Series
F8s,US East 2,290.54,,F/FS Series
F8s,EU North,329.96000000000004,,F/FS Series
F8s,EU West,331.42,,F/FS Series
F8s,AP Southeast,337.26,,F/FS Series
F8s,US East,290.54,,F/FS Series
F8s,US West 2,290.54,,F/FS Series
F8s,US West,363.54,,F/FS Series
F8s,AP East,421.94,,F/FS Series
G1,US West 2,357.7,,G/GS Series
G1,EU West,510.99999999999994,,G/GS Series
G1,AP Southeast,481.8,,G/GS Series
G1,US East 2,401.50000000000006,,G/GS Series
G1,US West,445.3,,G/GS Series
G2,US West 2,716.13,,G/GS Series
G2,EU West,1021.9999999999999,,G/GS Series
G2,AP Southeast,963.6,,G/GS Series
G2,US West,890.6,,G/GS Series
G2,US East 2,803.0000000000001,,G/GS Series
G3,US West 2,1431.53,,G/GS Series
G3,EU West,2043.9999999999998,,G/GS Series
G3,AP Southeast,1927.2,,G/GS Series
G3,US East 2,1606.0000000000002,,G/GS Series
G3,US West,1781.2,,G/GS Series
G4,US West 2,2863.06,,G/GS Series
G4,EU West,4087.9999999999995,,G/GS Series
G4,AP Southeast,3854.4,,G/GS Series
G4,US West,3562.4,,G/GS Series
G4,US East 2,3212.0000000000005,,G/GS Series
G5,US West 2,5708.6,,G/GS Series
G5,AP Southeast,6854.700000000001,,G/GS Series
G5,EU West,7292.7,,G/GS Series
G5,US East 2,5708.6,,G/GS Series
G5,US West,6343.7,,G/GS Series
GS1,US West 2,357.7,,G/GS Series
GS1,EU West,510.99999999999994,,G/GS Series
GS1,AP Southeast,481.8,,G/GS Series
GS1,US East 2,401.50000000000006,,G/GS Series
GS1,US West,445.3,,G/GS Series
GS2,US West 2,716.13,,G/GS Series
GS2,EU West,1021.9999999999999,,G/GS Series
GS2,AP Southeast,963.6,,G/GS Series
GS2,US West,890.6,,G/GS Series
GS2,US East 2,803.0000000000001,,G/GS Series
GS3,US West 2,1431.53,,G/GS Series
GS3,EU West,2043.9999999999998,,G/GS Series
GS3,AP Southeast,1927.2,,G/GS Series
GS3,US East 2,1606.0000000000002,,G/GS Series
GS3,US West,1781.2,,G/GS Series
GS4,US West 2,2863.06,,G/GS Series
GS4,EU West,4087.9999999999995,,G/GS Series
GS4,AP Southeast,3854.4,,G/GS Series
GS4,US West,3562.4,,G/GS Series
GS4,US East 2,3212.0000000000005,,G/GS Series
GS5,US West 2,5708.6,,G/GS Series
GS5,AP Southeast,6854.700000000001,,G/GS Series
GS5,EU West,7292.7,,G/GS Series
GS5,US East 2,5708.6,,G/GS Series
GS5,US West,6343.7,,G/GS Series
H16,US West 2,697.15,,H Promo Series
H16,US West,850.45,,H Promo Series
H16,AP Southeast,809.5699999999999,,H Promo Series
H16,EU West,905.9300000000001,,H Promo Series
H16,EU North,850.45,,H Promo Series
H16,US East,792.05,,H Promo Series
H16,US East,1319.11,,H Series
H16,EU West,1507.45,,H Series
H16,AP Southeast,1349.04,,H Series
H16,US West 2,1161.43,,H Series
H16,US West,1416.93,,H Series
H16,EU North,1416.93,,H Series
H16m,EU West,1213.99,,H Promo Series
H16m,US West 2,933.67,,H Promo Series
H16m,US East,1061.42,,H Promo Series
H16m,US West,1139.53,,H Promo Series
H16m,AP Southeast,1084.78,,H Promo Series
H16m,EU North,1139.53,,H Promo Series
H16m,US East,1768.0600000000002,,H Series
H16m,EU West,2019.9099999999999,,H Series
H16m,AP Southeast,1807.48,,H Series
H16m,US West 2,1556.3600000000001,,H Series
H16m,EU North,1898.73,,H Series
H16m,US West,1898.73,,H Series
H16mr,EU West,1232.24,,H Promo Series
H16mr,US West,1253.41,,H Promo Series
H16mr,US East,1167.27,,H Promo Series
H16mr,AP Southeast,1192.82,,H Promo Series
H16mr,EU North,1253.41,,H Promo Series
H16mr,US West 2,1027.1100000000001,,H Promo Series
H16mr,US East,1944.72,,H Series
H16mr,EU West,2221.3900000000003,,H Series
H16mr,AP Southeast,1988.5200000000002,,H Series
H16mr,US West 2,1711.8500000000001,,H Series
H16mr,EU North,2088.53,,H Series
H16mr,US West,2088.53,,H Series
H16r,US West 2,766.5,,H Promo Series
H16r,EU North,935.13,,H Promo Series
H16r,EU West,996.45,,H Promo Series
H16r,AP Southeast,890.6,,H Promo Series
H16r,US East,871.62,,H Promo Series
H16r,US West,935.13,,H Promo Series
H16r,US East,1451.24,,H Series
H16r,EU West,1657.83,,H Series
H16r,AP Southeast,1484.09,,H Series
H16r,US West 2,1277.5,,H Series
H16r,EU North,1559.2800000000002,,H Series
H16r,US West,1559.2800000000002,,H Series
H8,AP Southeast,674.52,,H Series
H8,EU North,424.85999999999996,,H Promo Series
H8,EU West,452.6,,H Promo Series
H8,US East,396.39000000000004,,H Promo Series
H8,US West 2,348.21,,H Promo Series
H8,AP Southeast,405.15000000000003,,H Promo Series
H8,US West,424.85999999999996,,H Promo Series
H8,EU West,753.36,,H Series
H8,US East,659.9200000000001,,H Series
H8,US West 2,581.08,,H Series
H8,US West,708.8299999999999,,H Series
H8,EU North,708.8299999999999,,H Series
H8m,AP Southeast,542.39,,H Promo Series
H8m,EU North,569.4,,H Promo Series
H8m,US East,530.71,,H Promo Series
H8m,US West 2,467.2,,H Promo Series
H8m,US West,569.4,,H Promo Series
H8m,EU West,606.63,,H Promo Series
H8m,EU West,1009.59,,H Series
H8m,US East,884.0300000000001,,H Series
H8m,AP Southeast,903.74,,H Series
H8m,US West 2,778.1800000000001,,H Series
H8m,EU North,949.7299999999999,,H Series
H8m,US West,949.7299999999999,,H Series
HB60rs,US East,1664.3999999999999,,HBS Series
HB60rs,EU West,2163.72,,HBS Series
HB60rs,AP Southeast,1081.86,,HBS Series
HB60rs,EU North,998.6400000000001,,HBS Series
HB60rs,US East 2,832.1999999999999,,HBS Series
HC44rs,AP Southeast,3006.1400000000003,,HCS Series
HC44rs,EU West,3006.1400000000003,,HCS Series
HC44rs,US East,2312.6400000000003,,HCS Series
HC44rs,US West 2,2312.6400000000003,,HCS Series
HC44rs,EU North,1387.73,,HCS Series
HC44rs,US East 2,1156.3200000000002,,HCS Series
HC44rs,US West,1503.0700000000002,,HCS Series
L16s,US West 2,911.04,,LS Series
L16s,US West,1004.4799999999999,,LS Series
L16s,AP Southeast,1092.08,,LS Series
L16s,EU West,1086.24,,LS Series
L16s,US East 2,1002.29,,LS Series
L32s,US West 2,1822.08,,LS Series
L32s,EU West,2172.48,,LS Series
L32s,US East 2,2004.58,,LS Series
L32s,AP Southeast,2184.16,,LS Series
L32s,US West,2008.9599999999998,,LS Series
L4s,US West 2,227.76,,LS Series
L4s,EU West,271.56,,LS Series
L4s,US East 2,250.39000000000001,,LS Series
L4s,AP Southeast,273.02,,LS Series
L4s,US West,251.11999999999998,,LS Series
L8s,US West 2,455.52,,LS Series
L8s,US West,502.23999999999995,,LS Series
L8s,EU West,543.12,,LS Series
L8s,AP Southeast,546.04,,LS Series
L8s,US East 2,500.78000000000003,,LS Series
M128ms,AP Southeast,28249.54,,MS Series
M128ms,AP East,35314.6625,,MS Series
M128ms,US East 2,19482.239999999998,,MS Series
M128ms,EU North,23378.688,,MS Series
M128ms,EU West,27275.136,,MS Series
M128ms,US West 2,19482.239999999998,,MS Series
M128ms,US East,19482.239999999998,,MS Series
M128s,EU West,13631.289999999999,,MS Series
M128s,AP Southeast,14118.2,,MS Series
M128s,AP East,17649.574999999997,,MS Series
M128s,US East,9736.74,,MS Series
M128s,EU North,11684.380000000001,,MS Series
M128s,US East 2,9736.74,,MS Series
M128s,US West 2,9736.74,,MS Series
M16ms,AP East,4066.00875,,MS Series
M16ms,EU West,3140.606,,MS Series
M16ms,US East,2243.29,,MS Series
M16ms,US West 2,2243.29,,MS Series
M16ms,US East 2,2243.29,,MS Series
M16ms,AP Southeast,3252.807,,MS Series
M16ms,EU North,2691.9480000000003,,MS Series
M16s,AP Southeast,2526.5299999999997,,MS Series
M16s,EU North,2090.72,,MS Series
M16s,AP East,3158.3450000000003,,MS Series
M16s,EU West,2439.514,,MS Series
M16s,US West 2,1742.51,,MS Series
M16s,US East,1742.51,,MS Series
M16s,US East 2,1742.51,,MS Series
M32ls,EU North,2327.9700000000003,,MS Series
M32ls,AP East,3145.935,,MS Series
M32ls,AP Southeast,2516.748,,MS Series
M32ls,US East 2,2097.29,,MS Series
M32ls,US East,2097.29,,MS Series
M32ls,EU West,2516.748,,MS Series
M32ls,US West 2,2097.29,,MS Series
M32ms,AP East,8131.92625,,MS Series
M32ms,EU West,6281.212,,MS Series
M32ms,US East 2,4486.58,,MS Series
M32ms,AP Southeast,6505.541,,MS Series
M32ms,US East,4486.58,,MS Series
M32ms,EU North,5383.896000000001,,MS Series
M32ms,US West 2,4486.58,,MS Series
M32s,AP East,4412.6675,,MS Series
M32s,US West 2,2434.55,,MS Series
M32s,US East 2,2434.55,,MS Series
M32s,AP Southeast,3530.134,,MS Series
M32s,EU West,3408.37,,MS Series
M32s,US East,2434.55,,MS Series
M32s,EU North,2921.46,,MS Series
M32ts,AP Southeast,2371.04,,MS Series
M32ts,EU West,2371.04,,MS Series
M32ts,AP East,2964.165,,MS Series
M32ts,US East 2,1976.11,,MS Series
M32ts,US East,1976.11,,MS Series
M32ts,EU North,2193.4821,,MS Series
M32ts,US West 2,1976.11,,MS Series
M64ls,AP East,5929.425,,MS Series
M64ls,AP Southeast,4743.54,,MS Series
M64ls,US West 2,3952.95,,MS Series
M64ls,EU West,4743.54,,MS Series
M64ls,US East,3952.95,,MS Series
M64ls,US East 2,3952.95,,MS Series
M64ls,EU North,4387.7745,,MS Series
M64ms,AP Southeast,10941.970000000001,,MS Series
M64ms,AP East,13678.375,,MS Series
M64ms,US East,7546.01,,MS Series
M64ms,EU West,10564.56,,MS Series
M64ms,EU North,9055.65,,MS Series
M64ms,US East 2,7546.01,,MS Series
M64ms,US West 2,7546.01,,MS Series
M64s,AP Southeast,7059.1,,MS Series
M64s,AP East,8824.787499999999,,MS Series
M64s,US East,4868.37,,MS Series
M64s,US West 2,4868.37,,MS Series
M64s,EU North,5842.1900000000005,,MS Series
M64s,EU West,6816.01,,MS Series
M64s,US East 2,4868.37,,MS Series
M8ms,AP East,2032.95875,,MS Series
M8ms,US West 2,1121.645,,MS Series
M8ms,EU North,1345.9740000000002,,MS Series
M8ms,US East 2,1121.645,,MS Series
M8ms,US East,1121.645,,MS Series
M8ms,AP Southeast,1626.367,,MS Series
M8ms,EU West,1570.303,,MS Series
NC12,US West,693.5,,NC Promo Series
NC12,EU West,751.9,,NC Promo Series
NC12,US West 2,578.1600000000001,,NC Promo Series
NC12,EU North,624.15,,NC Promo Series
NC12,US East,578.1600000000001,,NC Promo Series
NC12,AP Southeast,848.26,,NC Promo Series
NC12,US East 2,578.1600000000001,,NC Promo Series
NC12,US East 2,1314,,NC Series
NC12,US West 2,1314,,NC Series
NC12,EU West,1703.0900000000001,,NC Series
NC12,US East,1314,,NC Series
NC12,AP Southeast,1928.6599999999999,,NC Series
NC12,EU North,1419.12,,NC Series
NC24,AP Southeast,3856.59,,NC Series
NC24,EU North,1249.03,,NC Promo Series
NC24,US East,1156.3200000000002,,NC Promo Series
NC24,US East 2,1156.3200000000002,,NC Promo Series
NC24,AP Southeast,1697.2500000000002,,NC Promo Series
NC24,US West 2,1156.3200000000002,,NC Promo Series
NC24,US West,1387.73,,NC Promo Series
NC24,EU West,1503.0700000000002,,NC Promo Series
NC24,US East 2,2628,,NC Series
NC24,US West 2,2628,,NC Series
NC24,EU West,3406.1800000000003,,NC Series
NC24,EU North,2838.24,,NC Series
NC24,US East,2628,,NC Series
NC24r,US West,1526.43,,NC Promo Series
NC24r,US West 2,1271.66,,NC Promo Series
NC24r,US East,1271.66,,NC Promo Series
NC24r,AP Southeast,1867.34,,NC Promo Series
NC24r,EU West,1653.45,,NC Promo Series
NC24r,EU North,1373.86,,NC Promo Series
NC24r,US East 2,1271.66,,NC Promo Series
NC24R,US East 2,2890.8,,NC Series
NC24R,US West 2,2890.8,,NC Series
NC24R,EU West,3746.3599999999997,,NC Series
NC24R,AP Southeast,4243.49,,NC Series
NC24R,EU North,3122.21,,NC Series
NC24R,US East,2890.8,,NC Series
NC6,US East 2,289.08000000000004,,NC Promo Series
NC6,AP Southeast,424.13,,NC Promo Series
NC6,EU North,312.44,,NC Promo Series
NC6,US East,289.08000000000004,,NC Promo Series
NC6,US West,346.75,,NC Promo Series
NC6,US West 2,289.08000000000004,,NC Promo Series
NC6,EU West,375.95,,NC Promo Series
NC6,US East 2,657,,NC Series
NC6,US West 2,657,,NC Series
NC6,EU North,709.56,,NC Series
NC6,US East,657,,NC Series
NC6,AP Southeast,964.3299999999999,,NC Series
NC6,EU West,851.18,,NC Series
ND12s,EU West,3914.9900000000002,,NDS Series
ND12s,US West 2,3022.2,,NDS Series
ND12s,US East,3022.2,,NDS Series
ND12s,AP Southeast,4436.21,,NDS Series
ND24rs,AP Southeast,9759.369999999999,,NDS Series
ND24rs,US West 2,6648.84,,NDS Series
ND24rs,US East,6648.84,,NDS Series
ND24rs,EU West,8616.92,,NDS Series
ND24s,EU West,7830.71,,NDS Series
ND24s,US West 2,6044.4,,NDS Series
ND24s,US East,6044.4,,NDS Series
ND24s,AP Southeast,8871.69,,NDS Series
ND6s,US West 2,1511.1,,NDS Series
ND6s,US East,1511.1,,NDS Series
ND6s,AP Southeast,2217.74,,NDS Series
ND6s,EU West,1957.86,,NDS Series
NV12,AP Southeast,2320.67,,NV Series
NV12,US East 2,1754.19,,NV Series
NV12,US West 2,957.03,,NV Promo Series
NV12,US East 2,1052.6599999999999,,NV Promo Series
NV12,US West,1086.24,,NV Promo Series
NV12,US East,998.6400000000001,,NV Promo Series
NV12,AP Southeast,1392.84,,NV Promo Series
NV12,EU North,1059.96,,NV Promo Series
NV12,EU West,1196.47,,NV Promo Series
NV12,EU North,1766.6,,NV Series
NV12,US East,1664.3999999999999,,NV Series
NV12,US West 2,1595.05,,NV Series
NV12,EU West,1992.9,,NV Series
NV24,AP Southeast,4641.34,,NV Series
NV24,US West,2172.48,,NV Promo Series
NV24,US East,1997.2800000000002,,NV Promo Series
NV24,US West 2,1914.06,,NV Promo Series
NV24,EU West,2392.94,,NV Promo Series
NV24,EU North,2119.92,,NV Promo Series
NV24,US East 2,2105.3199999999997,,NV Promo Series
NV24,AP Southeast,2784.95,,NV Promo Series
NV24,US East,3328.7999999999997,,NV Series
NV24,EU North,3533.2,,NV Series
NV24,US East 2,3509.11,,NV Series
NV24,US West 2,3190.1,,NV Series
NV24,EU West,3985.8,,NV Series
NV6,EU West,996.45,,NV Series
NV6,US West 2,797.1600000000001,,NV Series
NV6,US East,499.32000000000005,,NV Promo Series
NV6,EU North,529.98,,NV Promo Series
NV6,US West,543.12,,NV Promo Series
NV6,US West 2,478.88,,NV Promo Series
NV6,EU West,597.87,,NV Promo Series
NV6,AP Southeast,696.42,,NV Promo Series
NV6,US East 2,526.3299999999999,,NV Promo Series
NV6,EU North,883.3,,NV Series
NV6,US East,832.1999999999999,,NV Series
NV6,US East 2,877.4599999999999,,NV Series
NV6,AP Southeast,1160.7,,NV Series
PB12s,US East,1211.8,,PB Series
PB12s,US West 2,1211.8,,PB Series
PB12s,EU West,1575.34,,PB Series
PB12s,AP Southeast,1575.34,,PB Series
PB24s,AP Southeast,3150.68,,PB Series
PB24s,US West 2,2423.6,,PB Series
PB24s,US East,2423.6,,PB Series
PB24s,EU West,3150.68,,PB Series
PB6s,EU West,787.67,,PB Series
PB6s,AP Southeast,787.67,,PB Series
PB6s,US East,605.9,,PB Series
PB6s,US West 2,605.9,,PB Series
A1 v2,US East 2,31.389999999999997,v2,Av2 Series
A1 v2,US West 2,26.279999999999998,v2,Av2 Series
A1 v2,AP Southeast,32.85,v2,Av2 Series
A1 v2,EU North,29.93,v2,Av2 Series
A1 v2,EU West,29.93,v2,Av2 Series
A1 v2,US East,31.389999999999997,v2,Av2 Series
A1 v2,US West,31.389999999999997,v2,Av2 Series
A1 v2,AP East,36.5,v2,Av2 Series
A2 v2,US West 2,55.48,v2,Av2 Series
A2 v2,EU North,63.51,v2,Av2 Series
A2 v2,AP Southeast,69.35,v2,Av2 Series
A2 v2,EU West,63.51,v2,Av2 Series
A2 v2,US East 2,66.42999999999999,v2,Av2 Series
A2 v2,US West,66.42999999999999,v2,Av2 Series
A2 v2,AP East,77.38,v2,Av2 Series
A2 v2,US East,66.42999999999999,v2,Av2 Series
A2m v2,EU West,90.52,v2,Av2 Series
A2m v2,AP East,129.94,v2,Av2 Series
A2m v2,US East,86.86999999999999,v2,Av2 Series
A2m v2,US East 2,86.86999999999999,v2,Av2 Series
A2m v2,US West 2,72.27000000000001,v2,Av2 Series
A2m v2,US West,108.77,v2,Av2 Series
A2m v2,EU North,101.47000000000001,v2,Av2 Series
A2m v2,AP Southeast,97.82000000000001,v2,Av2 Series
A4 v2,EU North,133.59,v2,Av2 Series
A4 v2,US East,139.43,v2,Av2 Series
A4 v2,US West 2,116.07000000000001,v2,Av2 Series
A4 v2,US West,139.43,v2,Av2 Series
A4 v2,US East 2,139.43,v2,Av2 Series
A4 v2,AP East,162.06,v2,Av2 Series
A4 v2,AP Southeast,144.54000000000002,v2,Av2 Series
A4 v2,EU West,133.59,v2,Av2 Series
A4m v2,AP East,273.02,v2,Av2 Series
A4m v2,US East 2,181.77,v2,Av2 Series
A4m v2,US West,216.81,v2,Av2 Series
A4m v2,EU North,212.42999999999998,v2,Av2 Series
A4m v2,EU West,189.8,v2,Av2 Series
A4m v2,AP Southeast,205.13000000000002,v2,Av2 Series
A4m v2,US East,173.73999999999998,v2,Av2 Series
A4m v2,US West 2,151.84,v2,Av2 Series
A8 v2,US East 2,292,v2,Av2 Series
A8 v2,EU North,279.59000000000003,v2,Av2 Series
A8 v2,US West,292,v2,Av2 Series
A8 v2,US East,292,v2,Av2 Series
A8 v2,AP Southeast,304.40999999999997,v2,Av2 Series
A8 v2,AP East,340.91,v2,Av2 Series
A8 v2,EU West,279.59000000000003,v2,Av2 Series
A8 v2,US West 2,243.09,v2,Av2 Series
A8m v2,US East 2,382.52000000000004,v2,Av2 Series
A8m v2,US West,433.62,v2,Av2 Series
A8m v2,AP Southeast,429.96999999999997,v2,Av2 Series
A8m v2,EU North,446.03,v2,Av2 Series
A8m v2,US West 2,319.01,v2,Av2 Series
A8m v2,US East,346.75,v2,Av2 Series
A8m v2,EU West,398.58000000000004,v2,Av2 Series
A8m v2,AP East,573.78,v2,Av2 Series
D1 v2,EU North,48.034,v2,Dv2/DSv2 Series
D1 v2,AP Southeast,57.597,v2,Dv2/DSv2 Series
D1 v2,EU West,49.567,v2,Dv2/DSv2 Series
D1 v2,US West,51.1,v2,Dv2/DSv2 Series
D1 v2,US East 2,41.61,v2,Dv2/DSv2 Series
D1 v2,US West 2,41.61,v2,Dv2/DSv2 Series
D1 v2,AP East,78.11,v2,Dv2/DSv2 Series
D1 v2,US East,53.29,v2,Dv2/DSv2 Series
D11 v2,AP East,167.17000000000002,v2,Dv2/DSv2 Series
D11 v2,EU West,138.7,v2,Dv2/DSv2 Series
D11 v2,AP Southeast,139.43,v2,Dv2/DSv2 Series
D11 v2,US West 2,108.77,v2,Dv2/DSv2 Series
D11 v2,US East 2,108.77,v2,Dv2/DSv2 Series
D11 v2,US West,135.05,v2,Dv2/DSv2 Series
D11 v2,US East,135.05,v2,Dv2/DSv2 Series
D11 v2,EU North,135.05,v2,Dv2/DSv2 Series
D12 v2,US West,270.1,v2,Dv2/DSv2 Series
D12 v2,US West 2,218.26999999999998,v2,Dv2/DSv2 Series
D12 v2,EU West,276.67,v2,Dv2/DSv2 Series
D12 v2,US East 2,218.26999999999998,v2,Dv2/DSv2 Series
D12 v2,AP Southeast,278.86,v2,Dv2/DSv2 Series
D12 v2,AP East,335.07,v2,Dv2/DSv2 Series
D12 v2,US East,270.83,v2,Dv2/DSv2 Series
D12 v2,EU North,270.83,v2,Dv2/DSv2 Series
D13 v2,EU West,554.07,v2,Dv2/DSv2 Series
D13 v2,US West 2,436.53999999999996,v2,Dv2/DSv2 Series
D13 v2,AP Southeast,558.45,v2,Dv2/DSv2 Series
D13 v2,US East 2,436.53999999999996,v2,Dv2/DSv2 Series
D13 v2,EU North,540.93,v2,Dv2/DSv2 Series
D13 v2,US East,540.93,v2,Dv2/DSv2 Series
D13 v2,US West,540.93,v2,Dv2/DSv2 Series
D13 v2,AP East,670.14,v2,Dv2/DSv2 Series
D14 v2,US West 2,873.0799999999999,v2,Dv2/DSv2 Series
D14 v2,US East 2,873.0799999999999,v2,Dv2/DSv2 Series
D14 v2,EU West,1108.14,v2,Dv2/DSv2 Series
D14 v2,AP Southeast,1116.9,v2,Dv2/DSv2 Series
D14 v2,AP East,1339.55,v2,Dv2/DSv2 Series
D14 v2,US West,1081.86,v2,Dv2/DSv2 Series
D14 v2,EU North,1081.86,v2,Dv2/DSv2 Series
D14 v2,US East,1081.86,v2,Dv2/DSv2 Series
D15 v2,US West,1351.96,v2,Dv2/DSv2 Series
D15 v2,US West 2,1091.3500000000001,v2,Dv2/DSv2 Series
D15 v2,US East 2,1091.3500000000001,v2,Dv2/DSv2 Series
D15 v2,EU West,1384.81,v2,Dv2/DSv2 Series
D15 v2,AP Southeast,1395.76,v2,Dv2/DSv2 Series
D15 v2,US East,1352.69,v2,Dv2/DSv2 Series
D15 v2,AP East,1674.6200000000001,v2,Dv2/DSv2 Series
D15 v2,EU North,1352.69,v2,Dv2/DSv2 Series
D15i v2,EU West,1384.81,v2,Dv2/DSv2 Series
D15i v2,AP Southeast,1395.76,v2,Dv2/DSv2 Series
D15i v2,US East 2,1091.3500000000001,v2,Dv2/DSv2 Series
D15i v2,EU North,1352.69,v2,Dv2/DSv2 Series
D15i v2,US West,1351.96,v2,Dv2/DSv2 Series
D15i v2,US West 2,1091.3500000000001,v2,Dv2/DSv2 Series
D15i v2,AP East,1674.6200000000001,v2,Dv2/DSv2 Series
D15i v2,US East,1352.69,v2,Dv2/DSv2 Series
D2 v2,US West,102.2,v2,Dv2/DSv2 Series
D2 v2,EU North,96.36,v2,Dv2/DSv2 Series
D2 v2,AP Southeast,115.34,v2,Dv2/DSv2 Series
D2 v2,US East 2,83.22,v2,Dv2/DSv2 Series
D2 v2,US West 2,83.22,v2,Dv2/DSv2 Series
D2 v2,EU West,99.28,v2,Dv2/DSv2 Series
D2 v2,AP East,156.22,v2,Dv2/DSv2 Series
D2 v2,US East,106.58,v2,Dv2/DSv2 Series
D3 v2,EU North,191.99,v2,Dv2/DSv2 Series
D3 v2,US East 2,167.17000000000002,v2,Dv2/DSv2 Series
D3 v2,US West,203.67000000000002,v2,Dv2/DSv2 Series
D3 v2,EU West,198.56,v2,Dv2/DSv2 Series
D3 v2,US West 2,167.17000000000002,v2,Dv2/DSv2 Series
D3 v2,AP Southeast,230.68,v2,Dv2/DSv2 Series
D3 v2,AP East,312.44,v2,Dv2/DSv2 Series
D3 v2,US East,213.89,v2,Dv2/DSv2 Series
D4 v2,EU North,384.71000000000004,v2,Dv2/DSv2 Series
D4 v2,EU West,397.12,v2,Dv2/DSv2 Series
D4 v2,US West 2,334.34000000000003,v2,Dv2/DSv2 Series
D4 v2,AP Southeast,460.63,v2,Dv2/DSv2 Series
D4 v2,US East 2,334.34000000000003,v2,Dv2/DSv2 Series
D4 v2,US West,408.07000000000005,v2,Dv2/DSv2 Series
D4 v2,AP East,625.61,v2,Dv2/DSv2 Series
D4 v2,US East,427.04999999999995,v2,Dv2/DSv2 Series
D5 v2,EU North,768.6899999999999,v2,Dv2/DSv2 Series
D5 v2,US West,815.41,v2,Dv2/DSv2 Series
D5 v2,US East 2,668.6800000000001,v2,Dv2/DSv2 Series
D5 v2,EU West,793.51,v2,Dv2/DSv2 Series
D5 v2,AP Southeast,921.9899999999999,v2,Dv2/DSv2 Series
D5 v2,US West 2,668.6800000000001,v2,Dv2/DSv2 Series
D5 v2,AP East,1251.22,v2,Dv2/DSv2 Series
D5 v2,US East,854.0999999999999,v2,Dv2/DSv2 Series
DS1 v2,EU North,48.034,v2,Dv2/DSv2 Series
DS1 v2,AP Southeast,57.597,v2,Dv2/DSv2 Series
DS1 v2,EU West,49.567,v2,Dv2/DSv2 Series
DS1 v2,US West,51.1,v2,Dv2/DSv2 Series
DS1 v2,US East 2,41.61,v2,Dv2/DSv2 Series
DS1 v2,US West 2,41.61,v2,Dv2/DSv2 Series
DS1 v2,AP East,78.11,v2,Dv2/DSv2 Series
DS1 v2,US East,53.29,v2,Dv2/DSv2 Series
DS11 v2,AP East,167.17000000000002,v2,Dv2/DSv2 Series
DS11 v2,EU West,138.7,v2,Dv2/DSv2 Series
DS11 v2,AP Southeast,139.43,v2,Dv2/DSv2 Series
DS11 v2,US West 2,108.77,v2,Dv2/DSv2 Series
DS11 v2,US East 2,108.77,v2,Dv2/DSv2 Series
DS11 v2,US West,135.05,v2,Dv2/DSv2 Series
DS11 v2,US East,135.05,v2,Dv2/DSv2 Series
DS11 v2,EU North,135.05,v2,Dv2/DSv2 Series
DS12 v2,US West,270.1,v2,Dv2/DSv2 Series
DS12 v2,US West 2,218.26999999999998,v2,Dv2/DSv2 Series
DS12 v2,EU West,276.67,v2,Dv2/DSv2 Series
DS12 v2,US East 2,218.26999999999998,v2,Dv2/DSv2 Series
DS12 v2,AP Southeast,278.86,v2,Dv2/DSv2 Series
DS12 v2,AP East,335.07,v2,Dv2/DSv2 Series
DS12 v2,US East,270.83,v2,Dv2/DSv2 Series
DS12 v2,EU North,270.83,v2,Dv2/DSv2 Series
DS13 v2,EU West,554.07,v2,Dv2/DSv2 Series
DS13 v2,US West 2,436.53999999999996,v2,Dv2/DSv2 Series
DS13 v2,AP Southeast,558.45,v2,Dv2/DSv2 Series
DS13 v2,US East 2,436.53999999999996,v2,Dv2/DSv2 Series
DS13 v2,EU North,540.93,v2,Dv2/DSv2 Series
DS13 v2,US East,540.93,v2,Dv2/DSv2 Series
DS13 v2,US West,540.93,v2,Dv2/DSv2 Series
DS13 v2,AP East,670.14,v2,Dv2/DSv2 Series
DS14 v2,US West 2,873.0799999999999,v2,Dv2/DSv2 Series
DS14 v2,US East 2,873.0799999999999,v2,Dv2/DSv2 Series
DS14 v2,EU West,1108.14,v2,Dv2/DSv2 Series
DS14 v2,AP Southeast,1116.9,v2,Dv2/DSv2 Series
DS14 v2,AP East,1339.55,v2,Dv2/DSv2 Series
DS14 v2,US West,1081.86,v2,Dv2/DSv2 Series
DS14 v2,EU North,1081.86,v2,Dv2/DSv2 Series
DS14 v2,US East,1081.86,v2,Dv2/DSv2 Series
DS15 v2,US West,1351.96,v2,Dv2/DSv2 Series
DS15 v2,US West 2,1091.3500000000001,v2,Dv2/DSv2 Series
DS15 v2,US East 2,1091.3500000000001,v2,Dv2/DSv2 Series
DS15 v2,EU West,1384.81,v2,Dv2/DSv2 Series
DS15 v2,AP Southeast,1395.76,v2,Dv2/DSv2 Series
DS15 v2,US East,1352.69,v2,Dv2/DSv2 Series
DS15 v2,AP East,1674.6200000000001,v2,Dv2/DSv2 Series
DS15 v2,EU North,1352.69,v2,Dv2/DSv2 Series
DS15i v2,EU West,1384.81,v2,Dv2/DSv2 Series
DS15i v2,AP Southeast,1395.76,v2,Dv2/DSv2 Series
DS15i v2,US East 2,1091.3500000000001,v2,Dv2/DSv2 Series
DS15i v2,EU North,1352.69,v2,Dv2/DSv2 Series
DS15i v2,US West,1351.96,v2,Dv2/DSv2 Series
DS15i v2,US West 2,1091.3500000000001,v2,Dv2/DSv2 Series
DS15i v2,AP East,1674.6200000000001,v2,Dv2/DSv2 Series
DS15i v2,US East,1352.69,v2,Dv2/DSv2 Series
DS2 v2,US West,102.2,v2,Dv2/DSv2 Series
DS2 v2,EU North,96.36,v2,Dv2/DSv2 Series
DS2 v2,AP Southeast,115.34,v2,Dv2/DSv2 Series
DS2 v2,US East 2,83.22,v2,Dv2/DSv2 Series
DS2 v2,US West 2,83.22,v2,Dv2/DSv2 Series
DS2 v2,EU West,99.28,v2,Dv2/DSv2 Series
DS2 v2,AP East,156.22,v2,Dv2/DSv2 Series
DS2 v2,US East,106.58,v2,Dv2/DSv2 Series
DS3 v2,EU North,191.99,v2,Dv2/DSv2 Series
DS3 v2,US East 2,167.17000000000002,v2,Dv2/DSv2 Series
DS3 v2,US West,203.67000000000002,v2,Dv2/DSv2 Series
DS3 v2,EU West,198.56,v2,Dv2/DSv2 Series
DS3 v2,US West 2,167.17000000000002,v2,Dv2/DSv2 Series
DS3 v2,AP Southeast,230.68,v2,Dv2/DSv2 Series
DS3 v2,AP East,312.44,v2,Dv2/DSv2 Series
DS3 v2,US East,213.89,v2,Dv2/DSv2 Series
DS4 v2,EU North,384.71000000000004,v2,Dv2/DSv2 Series
DS4 v2,EU West,397.12,v2,Dv2/DSv2 Series
DS4 v2,US West 2,334.34000000000003,v2,Dv2/DSv2 Series
DS4 v2,AP Southeast,460.63,v2,Dv2/DSv2 Series
DS4 v2,US East 2,334.34000000000003,v2,Dv2/DSv2 Series
DS4 v2,US West,408.07000000000005,v2,Dv2/DSv2 Series
DS4 v2,AP East,625.61,v2,Dv2/DSv2 Series
DS4 v2,US East,427.04999999999995,v2,Dv2/DSv2 Series
DS5 v2,EU North,768.6899999999999,v2,Dv2/DSv2 Series
DS5 v2,US West,815.41,v2,Dv2/DSv2 Series
DS5 v2,US East 2,668.6800000000001,v2,Dv2/DSv2 Series
DS5 v2,EU West,793.51,v2,Dv2/DSv2 Series
DS5 v2,AP Southeast,921.9899999999999,v2,Dv2/DSv2 Series
DS5 v2,US West 2,668.6800000000001,v2,Dv2/DSv2 Series
DS5 v2,AP East,1251.22,v2,Dv2/DSv2 Series
DS5 v2,US East,854.0999999999999,v2,Dv2/DSv2 Series
F16s v2,US West 2,494.21000000000004,v2,FSv2 Series
F16s v2,AP East,630.72,v2,FSv2 Series
F16s v2,EU West,566.48,v2,FSv2 Series
F16s v2,US West,619.04,v2,FSv2 Series
F16s v2,AP Southeast,572.32,v2,FSv2 Series
F16s v2,US East 2,494.21000000000004,v2,FSv2 Series
F16s v2,EU North,560.64,v2,FSv2 Series
F16s v2,US East,494.21000000000004,v2,FSv2 Series
F2s v2,US West 2,61.757999999999996,v2,FSv2 Series
F2s v2,AP East,78.84,v2,FSv2 Series
F2s v2,US East 2,61.757999999999996,v2,FSv2 Series
F2s v2,US East,61.757999999999996,v2,FSv2 Series
F2s v2,US West,77.38,v2,FSv2 Series
F2s v2,EU West,70.81,v2,FSv2 Series
F2s v2,EU North,70.08,v2,FSv2 Series
F2s v2,AP Southeast,71.54,v2,FSv2 Series
F32s v2,US West 2,987.6899999999999,v2,FSv2 Series
F32s v2,AP East,1261.44,v2,FSv2 Series
F32s v2,US West,1238.08,v2,FSv2 Series
F32s v2,AP Southeast,1144.64,v2,FSv2 Series
F32s v2,EU West,1132.96,v2,FSv2 Series
F32s v2,US East 2,987.6899999999999,v2,FSv2 Series
F32s v2,EU North,1121.28,v2,FSv2 Series
F32s v2,US East,987.6899999999999,v2,FSv2 Series
F48s v2,US West 2,1481.8999999999999,v2,FSv2 Series
F48s v2,AP East,1892.16,v2,FSv2 Series
F48s v2,AP Southeast,1716.9599999999998,v2,FSv2 Series
F48s v2,US West,1857.1200000000001,v2,FSv2 Series
F48s v2,US East 2,1481.8999999999999,v2,FSv2 Series
F48s v2,EU West,1699.4399999999998,v2,FSv2 Series
F48s v2,EU North,1681.9199999999998,v2,FSv2 Series
F48s v2,US East,1481.8999999999999,v2,FSv2 Series
F4s v2,US West 2,123.37,v2,FSv2 Series
F4s v2,AP East,157.68,v2,FSv2 Series
F4s v2,US West,154.76,v2,FSv2 Series
F4s v2,EU West,141.62,v2,FSv2 Series
F4s v2,US East 2,123.37,v2,FSv2 Series
F4s v2,EU North,140.16,v2,FSv2 Series
F4s v2,AP Southeast,143.08,v2,FSv2 Series
F4s v2,US East,123.37,v2,FSv2 Series
F64s v2,US West 2,1975.3799999999999,v2,FSv2 Series
F64s v2,AP East,2522.88,v2,FSv2 Series
F64s v2,EU West,2265.92,v2,FSv2 Series
F64s v2,US West,2476.16,v2,FSv2 Series
F64s v2,AP Southeast,2289.28,v2,FSv2 Series
F64s v2,US East 2,1975.3799999999999,v2,FSv2 Series
F64s v2,EU North,2242.56,v2,FSv2 Series
F64s v2,US East,1975.3799999999999,v2,FSv2 Series
F72s v2,US West 2,2222.85,v2,FSv2 Series
F72s v2,AP East,2838.24,v2,FSv2 Series
F72s v2,EU West,2549.16,v2,FSv2 Series
F72s v2,AP Southeast,2575.44,v2,FSv2 Series
F72s v2,US West,2785.68,v2,FSv2 Series
F72s v2,US East 2,2222.85,v2,FSv2 Series
F72s v2,EU North,2522.88,v2,FSv2 Series
F72s v2,US East,2222.85,v2,FSv2 Series
F8s v2,US West 2,246.74,v2,FSv2 Series
F8s v2,AP East,315.36,v2,FSv2 Series
F8s v2,EU West,283.24,v2,FSv2 Series
F8s v2,US West,309.52,v2,FSv2 Series
F8s v2,AP Southeast,286.16,v2,FSv2 Series
F8s v2,US East 2,246.74,v2,FSv2 Series
F8s v2,EU North,280.32,v2,FSv2 Series
F8s v2,US East,246.74,v2,FSv2 Series
HB120rs v2,EU West,3416.3999999999996,v2,HBSv2 Series
L16s v2,US West,1004.4799999999999,v2,LSv2 Series
L16s v2,US East 2,911.04,v2,LSv2 Series
L16s v2,EU West,1086.24,v2,LSv2 Series
L16s v2,US West 2,911.04,v2,LSv2 Series
L16s v2,AP Southeast,1092.08,v2,LSv2 Series
L16s v2,US East,911.04,v2,LSv2 Series
L16s v2,EU North,1004.4799999999999,v2,LSv2 Series
L32s v2,US West,2008.9599999999998,v2,LSv2 Series
L32s v2,EU North,2008.9599999999998,v2,LSv2 Series
L48s v2,US West,3013.44,v2,LSv2 Series
L48s v2,AP Southeast,3276.2400000000002,v2,LSv2 Series
L48s v2,US East 2,2733.1200000000003,v2,LSv2 Series
L48s v2,EU West,3258.7200000000003,v2,LSv2 Series
L48s v2,US West 2,2733.1200000000003,v2,LSv2 Series
L48s v2,US East,2733.1200000000003,v2,LSv2 Series
L64s v2,US West,4017.9199999999996,v2,LSv2 Series
L64s v2,EU North,4017.9199999999996,v2,LSv2 Series
L80s v2,US West,5022.4,v2,LSv2 Series
L80s v2,EU North,5022.4,v2,LSv2 Series
L80s v2,US East,4555.2,v2,LSv2 Series
L80s v2,US East 2,4555.2,v2,LSv2 Series
L80s v2,AP Southeast,5460.400000000001,v2,LSv2 Series
L80s v2,US West 2,4555.2,v2,LSv2 Series
L80s v2,EU West,5431.200000000001,v2,LSv2 Series
L8s v2,US West,502.23999999999995,v2,LSv2 Series
L8s v2,EU West,543.12,v2,LSv2 Series
L8s v2,US West 2,455.52,v2,LSv2 Series
L8s v2,AP Southeast,546.04,v2,LSv2 Series
L8s v2,US East,455.52,v2,LSv2 Series
L8s v2,US East 2,455.52,v2,LSv2 Series
L8s v2,EU North,502.23999999999995,v2,LSv2 Series
L96s v2,US West,6026.88,v2,LSv2 Series
M208ms v2,AP Southeast,42344.38,v2,MSv2 Series
M208ms v2,US East 2,32572.6,v2,MSv2 Series
M208ms v2,US East,32572.6,v2,MSv2 Series
M208ms v2,EU North,39087.119999999995,v2,MSv2 Series
M208ms v2,EU West,42344.38,v2,MSv2 Series
M208ms v2,US West 2,32572.6,v2,MSv2 Series
M208s v2,AP Southeast,21172.19,v2,MSv2 Series
M208s v2,EU North,19543.559999999998,v2,MSv2 Series
M208s v2,US West 2,16286.3,v2,MSv2 Series
M208s v2,US East 2,16286.3,v2,MSv2 Series
M208s v2,EU West,21172.19,v2,MSv2 Series
M208s v2,US East,16286.3,v2,MSv2 Series
M416ms v2,AP Southeast,94097,v2,MSv2 Series
M416ms v2,US East,72379.5,v2,MSv2 Series
M416ms v2,US West 2,72379.5,v2,MSv2 Series
M416ms v2,EU West,94097,v2,MSv2 Series
M416ms v2,EU North,86855.40000000001,v2,MSv2 Series
M416ms v2,US East 2,72379.5,v2,MSv2 Series
M416s v2,AP Southeast,47051.42,v2,MSv2 Series
M416s v2,EU North,43432.08,v2,MSv2 Series
M416s v2,EU West,47051.42,v2,MSv2 Series
M416s v2,US East 2,36193.4,v2,MSv2 Series
M416s v2,US West 2,36193.4,v2,MSv2 Series
M416s v2,US East,36193.4,v2,MSv2 Series
NC12s v2,EU West,3915.72,v2,NCSv2 Series
NC12s v2,US West 2,3022.2,v2,NCSv2 Series
NC12s v2,AP Southeast,4436.21,v2,NCSv2 Series
NC12s v2,US East,3022.2,v2,NCSv2 Series
NC24rs v2,AP Southeast,9759.369999999999,v2,NCSv2 Series
NC24rs v2,US West 2,6648.84,v2,NCSv2 Series
NC24rs v2,EU West,8616.92,v2,NCSv2 Series
NC24rs v2,US East,6648.84,v2,NCSv2 Series
NC24s v2,EU West,7831.44,v2,NCSv2 Series
NC24s v2,US West 2,6044.4,v2,NCSv2 Series
NC24s v2,AP Southeast,8871.69,v2,NCSv2 Series
NC24s v2,US East,6044.4,v2,NCSv2 Series
NC6s v2,US West 2,1511.1,v2,NCSv2 Series
NC6s v2,EU West,1957.86,v2,NCSv2 Series
NC6s v2,AP Southeast,2217.74,v2,NCSv2 Series
NC6s v2,US East,1511.1,v2,NCSv2 Series
ND40rs v2,US West 2,16083.36,v2,NDrSv2 Series
ND40rs v2,EU West,20093.98,v2,NDrSv2 Series
ND40rs v2,US East,16083.36,v2,NDrSv2 Series
ND40s v2,US East,8935.2,v2,NDSv2 Series
ND40s v2,EU West,13161.900000000001,v2,NDSv2 Series
ND40s v2,AP Southeast,17057.18,v2,NDSv2 Series
ND40s v2,AP East,21319.649999999998,v2,NDSv2 Series
NV12s v2,US West,1119.82,v2,NVSv2 Series
NV24s v2,US West,2240.37,v2,NVSv2 Series
NV6s v2,US West,559.91,v2,NVSv2 Series
D16 v3,AP East,770.88,v3,Dv3/DSv3 Series
D16 v3,US East 2,560.64,v3,Dv3/DSv3 Series
D16 v3,EU North,624.88,v3,Dv3/DSv3 Series
D16 v3,US West 2,560.64,v3,Dv3/DSv3 Series
D16 v3,US East,560.64,v3,Dv3/DSv3 Series
D16 v3,US West,683.2800000000001,v3,Dv3/DSv3 Series
D16 v3,EU West,700.8,v3,Dv3/DSv3 Series
D16 v3,AP Southeast,730,v3,Dv3/DSv3 Series
D16s v3,AP East,770.88,v3,Dv3/DSv3 Series
D16s v3,US East 2,560.64,v3,Dv3/DSv3 Series
D16s v3,EU North,624.88,v3,Dv3/DSv3 Series
D16s v3,US West 2,560.64,v3,Dv3/DSv3 Series
D16s v3,US East,560.64,v3,Dv3/DSv3 Series
D16s v3,US West,683.2800000000001,v3,Dv3/DSv3 Series
D16s v3,EU West,700.8,v3,Dv3/DSv3 Series
D16s v3,AP Southeast,730,v3,Dv3/DSv3 Series
D2 v3,AP East,96.36,v3,Dv3/DSv3 Series
D2 v3,US East 2,70.08,v3,Dv3/DSv3 Series
D2 v3,US East,70.08,v3,Dv3/DSv3 Series
D2 v3,EU North,78.11,v3,Dv3/DSv3 Series
D2 v3,US West 2,70.08,v3,Dv3/DSv3 Series
D2 v3,US West,85.41000000000001,v3,Dv3/DSv3 Series
D2 v3,AP Southeast,91.25,v3,Dv3/DSv3 Series
D2 v3,EU West,87.6,v3,Dv3/DSv3 Series
D2s v3,AP East,96.36,v3,Dv3/DSv3 Series
D2s v3,US East 2,70.08,v3,Dv3/DSv3 Series
D2s v3,US East,70.08,v3,Dv3/DSv3 Series
D2s v3,EU North,78.11,v3,Dv3/DSv3 Series
D2s v3,US West 2,70.08,v3,Dv3/DSv3 Series
D2s v3,US West,85.41000000000001,v3,Dv3/DSv3 Series
D2s v3,AP Southeast,91.25,v3,Dv3/DSv3 Series
D2s v3,EU West,87.6,v3,Dv3/DSv3 Series
D32 v3,AP East,1541.76,v3,Dv3/DSv3 Series
D32 v3,US East 2,1121.28,v3,Dv3/DSv3 Series
D32 v3,EU North,1249.76,v3,Dv3/DSv3 Series
D32 v3,US West 2,1121.28,v3,Dv3/DSv3 Series
D32 v3,US East,1121.28,v3,Dv3/DSv3 Series
D32 v3,US West,1366.5600000000002,v3,Dv3/DSv3 Series
D32 v3,EU West,1401.6,v3,Dv3/DSv3 Series
D32 v3,AP Southeast,1460,v3,Dv3/DSv3 Series
D32s v3,AP East,1541.76,v3,Dv3/DSv3 Series
D32s v3,US East 2,1121.28,v3,Dv3/DSv3 Series
D32s v3,EU North,1249.76,v3,Dv3/DSv3 Series
D32s v3,US West 2,1121.28,v3,Dv3/DSv3 Series
D32s v3,US East,1121.28,v3,Dv3/DSv3 Series
D32s v3,US West,1366.5600000000002,v3,Dv3/DSv3 Series
D32s v3,EU West,1401.6,v3,Dv3/DSv3 Series
D32s v3,AP Southeast,1460,v3,Dv3/DSv3 Series
D4 v3,AP East,192.72,v3,Dv3/DSv3 Series
D4 v3,US East 2,140.16,v3,Dv3/DSv3 Series
D4 v3,US East,140.16,v3,Dv3/DSv3 Series
D4 v3,EU North,156.22,v3,Dv3/DSv3 Series
D4 v3,US West 2,140.16,v3,Dv3/DSv3 Series
D4 v3,US West,170.82000000000002,v3,Dv3/DSv3 Series
D4 v3,EU West,175.2,v3,Dv3/DSv3 Series
D4 v3,AP Southeast,182.5,v3,Dv3/DSv3 Series
D48 v3,AP East,2312.6400000000003,v3,Dv3/DSv3 Series
D48 v3,EU North,1874.64,v3,Dv3/DSv3 Series
D48 v3,US East,1681.9199999999998,v3,Dv3/DSv3 Series
D48 v3,US West,2049.8399999999997,v3,Dv3/DSv3 Series
D48 v3,US East 2,1681.9199999999998,v3,Dv3/DSv3 Series
D48 v3,AP Southeast,2190,v3,Dv3/DSv3 Series
D48 v3,US West 2,1681.9199999999998,v3,Dv3/DSv3 Series
D48 v3,EU West,2102.4,v3,Dv3/DSv3 Series
D48s v3,AP East,2312.6400000000003,v3,Dv3/DSv3 Series
D48s v3,EU North,1874.64,v3,Dv3/DSv3 Series
D48s v3,US East,1681.9199999999998,v3,Dv3/DSv3 Series
D48s v3,US West,2049.8399999999997,v3,Dv3/DSv3 Series
D48s v3,US East 2,1681.9199999999998,v3,Dv3/DSv3 Series
D48s v3,AP Southeast,2190,v3,Dv3/DSv3 Series
D48s v3,US West 2,1681.9199999999998,v3,Dv3/DSv3 Series
D48s v3,EU West,2102.4,v3,Dv3/DSv3 Series
D4s v3,AP East,192.72,v3,Dv3/DSv3 Series
D4s v3,US East 2,140.16,v3,Dv3/DSv3 Series
D4s v3,US East,140.16,v3,Dv3/DSv3 Series
D4s v3,EU North,156.22,v3,Dv3/DSv3 Series
D4s v3,US West 2,140.16,v3,Dv3/DSv3 Series
D4s v3,US West,170.82000000000002,v3,Dv3/DSv3 Series
D4s v3,EU West,175.2,v3,Dv3/DSv3 Series
D4s v3,AP Southeast,182.5,v3,Dv3/DSv3 Series
D64 v3,AP East,3083.52,v3,Dv3/DSv3 Series
D64 v3,US East 2,2242.56,v3,Dv3/DSv3 Series
D64 v3,US West 2,2242.56,v3,Dv3/DSv3 Series
D64 v3,EU North,2499.52,v3,Dv3/DSv3 Series
D64 v3,US East,2242.56,v3,Dv3/DSv3 Series
D64 v3,US West,2733.1200000000003,v3,Dv3/DSv3 Series
D64 v3,AP Southeast,2920,v3,Dv3/DSv3 Series
D64 v3,EU West,2803.2,v3,Dv3/DSv3 Series
D64s v3,AP East,3083.52,v3,Dv3/DSv3 Series
D64s v3,US East 2,2242.56,v3,Dv3/DSv3 Series
D64s v3,US West 2,2242.56,v3,Dv3/DSv3 Series
D64s v3,EU North,2499.52,v3,Dv3/DSv3 Series
D64s v3,US East,2242.56,v3,Dv3/DSv3 Series
D64s v3,US West,2733.1200000000003,v3,Dv3/DSv3 Series
D64s v3,AP Southeast,2920,v3,Dv3/DSv3 Series
D64s v3,EU West,2803.2,v3,Dv3/DSv3 Series
D8 v3,AP East,385.44,v3,Dv3/DSv3 Series
D8 v3,US East 2,280.32,v3,Dv3/DSv3 Series
D8 v3,US West 2,280.32,v3,Dv3/DSv3 Series
D8 v3,US East,280.32,v3,Dv3/DSv3 Series
D8 v3,EU North,312.44,v3,Dv3/DSv3 Series
D8 v3,US West,341.64000000000004,v3,Dv3/DSv3 Series
D8 v3,AP Southeast,365,v3,Dv3/DSv3 Series
D8 v3,EU West,350.4,v3,Dv3/DSv3 Series
D8s v3,AP East,385.44,v3,Dv3/DSv3 Series
D8s v3,US East 2,280.32,v3,Dv3/DSv3 Series
D8s v3,US West 2,280.32,v3,Dv3/DSv3 Series
D8s v3,US East,280.32,v3,Dv3/DSv3 Series
D8s v3,EU North,312.44,v3,Dv3/DSv3 Series
D8s v3,US West,341.64000000000004,v3,Dv3/DSv3 Series
D8s v3,AP Southeast,365,v3,Dv3/DSv3 Series
D8s v3,EU West,350.4,v3,Dv3/DSv3 Series
E16 v3,AP East,975.2800000000001,v3,Ev3/ESv3 Series
E16 v3,US West,817.6,v3,Ev3/ESv3 Series
E16 v3,EU North,823.4399999999999,v3,Ev3/ESv3 Series
E16 v3,US West 2,735.84,v3,Ev3/ESv3 Series
E16 v3,US East,735.84,v3,Ev3/ESv3 Series
E16 v3,US East 2,776.72,v3,Ev3/ESv3 Series
E16 v3,EU West,934.4,v3,Ev3/ESv3 Series
E16 v3,AP Southeast,934.4,v3,Ev3/ESv3 Series
E16s v3,AP East,975.2800000000001,v3,Ev3/ESv3 Series
E16s v3,US West,817.6,v3,Ev3/ESv3 Series
E16s v3,EU North,823.4399999999999,v3,Ev3/ESv3 Series
E16s v3,US West 2,735.84,v3,Ev3/ESv3 Series
E16s v3,US East,735.84,v3,Ev3/ESv3 Series
E16s v3,US East 2,776.72,v3,Ev3/ESv3 Series
E16s v3,EU West,934.4,v3,Ev3/ESv3 Series
E16s v3,AP Southeast,934.4,v3,Ev3/ESv3 Series
E2 v3,AP East,121.91000000000001,v3,Ev3/ESv3 Series
E2 v3,EU North,102.92999999999999,v3,Ev3/ESv3 Series
E2 v3,US East,91.98,v3,Ev3/ESv3 Series
E2 v3,US West 2,91.98,v3,Ev3/ESv3 Series
E2 v3,US East 2,97.09,v3,Ev3/ESv3 Series
E2 v3,EU West,116.8,v3,Ev3/ESv3 Series
E2 v3,AP Southeast,116.8,v3,Ev3/ESv3 Series
E2 v3,US West,108.03999999999999,v3,Ev3/ESv3 Series
E20 v3,AP East,1219.1,v3,Ev3/ESv3 Series
E20 v3,US East,919.8,v3,Ev3/ESv3 Series
E20 v3,EU North,1029.3,v3,Ev3/ESv3 Series
E20 v3,US West 2,919.8,v3,Ev3/ESv3 Series
E20 v3,US East 2,1065.8,v3,Ev3/ESv3 Series
E20 v3,EU West,1168,v3,Ev3/ESv3 Series
E20 v3,US West,1080.4,v3,Ev3/ESv3 Series
E20 v3,AP Southeast,1168,v3,Ev3/ESv3 Series
E20s v3,AP East,1219.1,v3,Ev3/ESv3 Series
E20s v3,US East,919.8,v3,Ev3/ESv3 Series
E20s v3,EU North,1029.3,v3,Ev3/ESv3 Series
E20s v3,US West 2,919.8,v3,Ev3/ESv3 Series
E20s v3,US East 2,1065.8,v3,Ev3/ESv3 Series
E20s v3,EU West,1168,v3,Ev3/ESv3 Series
E20s v3,US West,1080.4,v3,Ev3/ESv3 Series
E20s v3,AP Southeast,1168,v3,Ev3/ESv3 Series
E2s v3,AP East,121.91000000000001,v3,Ev3/ESv3 Series
E2s v3,EU North,102.92999999999999,v3,Ev3/ESv3 Series
E2s v3,US East,91.98,v3,Ev3/ESv3 Series
E2s v3,US West 2,91.98,v3,Ev3/ESv3 Series
E2s v3,US East 2,97.09,v3,Ev3/ESv3 Series
E2s v3,EU West,116.8,v3,Ev3/ESv3 Series
E2s v3,AP Southeast,116.8,v3,Ev3/ESv3 Series
E2s v3,US West,108.03999999999999,v3,Ev3/ESv3 Series
E32 v3,AP East,1950.5600000000002,v3,Ev3/ESv3 Series
E32 v3,US West,1635.2,v3,Ev3/ESv3 Series
E32 v3,US West 2,1471.68,v3,Ev3/ESv3 Series
E32 v3,US East,1471.68,v3,Ev3/ESv3 Series
E32 v3,EU North,1646.8799999999999,v3,Ev3/ESv3 Series
E32 v3,US East 2,1553.44,v3,Ev3/ESv3 Series
E32 v3,AP Southeast,1868.8,v3,Ev3/ESv3 Series
E32 v3,EU West,1868.8,v3,Ev3/ESv3 Series
E32s v3,AP East,1950.5600000000002,v3,Ev3/ESv3 Series
E32s v3,US West,1635.2,v3,Ev3/ESv3 Series
E32s v3,US West 2,1471.68,v3,Ev3/ESv3 Series
E32s v3,US East,1471.68,v3,Ev3/ESv3 Series
E32s v3,EU North,1646.8799999999999,v3,Ev3/ESv3 Series
E32s v3,US East 2,1553.44,v3,Ev3/ESv3 Series
E32s v3,AP Southeast,1868.8,v3,Ev3/ESv3 Series
E32s v3,EU West,1868.8,v3,Ev3/ESv3 Series
E4 v3,AP East,243.82000000000002,v3,Ev3/ESv3 Series
E4 v3,US East,183.96,v3,Ev3/ESv3 Series
E4 v3,US West 2,183.96,v3,Ev3/ESv3 Series
E4 v3,EU North,205.85999999999999,v3,Ev3/ESv3 Series
E4 v3,US East 2,194.18,v3,Ev3/ESv3 Series
E4 v3,AP Southeast,233.6,v3,Ev3/ESv3 Series
E4 v3,US West,216.07999999999998,v3,Ev3/ESv3 Series
E4 v3,EU West,233.6,v3,Ev3/ESv3 Series
E48 v3,AP East,2925.84,v3,Ev3/ESv3 Series
E48 v3,EU West,2662.31,v3,Ev3/ESv3 Series
E48 v3,EU North,2470.3199999999997,v3,Ev3/ESv3 Series
E48 v3,US East 2,2207.52,v3,Ev3/ESv3 Series
E48 v3,AP Southeast,2803.2,v3,Ev3/ESv3 Series
E48 v3,US West,2452.7999999999997,v3,Ev3/ESv3 Series
E48 v3,US East,2207.52,v3,Ev3/ESv3 Series
E48 v3,US West 2,2207.52,v3,Ev3/ESv3 Series
E48s v3,AP East,2925.84,v3,Ev3/ESv3 Series
E48s v3,EU West,2662.31,v3,Ev3/ESv3 Series
E48s v3,EU North,2470.3199999999997,v3,Ev3/ESv3 Series
E48s v3,US East 2,2207.52,v3,Ev3/ESv3 Series
E48s v3,AP Southeast,2803.2,v3,Ev3/ESv3 Series
E48s v3,US West,2452.7999999999997,v3,Ev3/ESv3 Series
E48s v3,US East,2207.52,v3,Ev3/ESv3 Series
E48s v3,US West 2,2207.52,v3,Ev3/ESv3 Series
E4s v3,AP East,243.82000000000002,v3,Ev3/ESv3 Series
E4s v3,US East,183.96,v3,Ev3/ESv3 Series
E4s v3,US West 2,183.96,v3,Ev3/ESv3 Series
E4s v3,EU North,205.85999999999999,v3,Ev3/ESv3 Series
E4s v3,US East 2,194.18,v3,Ev3/ESv3 Series
E4s v3,AP Southeast,233.6,v3,Ev3/ESv3 Series
E4s v3,US West,216.07999999999998,v3,Ev3/ESv3 Series
E4s v3,EU West,233.6,v3,Ev3/ESv3 Series
E64 v3,AP East,3511.2999999999997,v3,Ev3/ESv3 Series
E64 v3,US West,2943.36,v3,Ev3/ESv3 Series
E64 v3,EU North,2964.5299999999997,v3,Ev3/ESv3 Series
E64 v3,EU West,3194.48,v3,Ev3/ESv3 Series
E64 v3,US East 2,2649.17,v3,Ev3/ESv3 Series
E64 v3,US West 2,2649.17,v3,Ev3/ESv3 Series
E64 v3,AP Southeast,3364.57,v3,Ev3/ESv3 Series
E64 v3,US East,2649.17,v3,Ev3/ESv3 Series
E64i v3,AP East,3511.2999999999997,v3,Ev3/ESv3 Series
E64i v3,US West,2943.36,v3,Ev3/ESv3 Series
E64i v3,US West 2,2649.17,v3,Ev3/ESv3 Series
E64i v3,US East,2649.17,v3,Ev3/ESv3 Series
E64i v3,US East 2,2649.17,v3,Ev3/ESv3 Series
E64i v3,EU West,3194.48,v3,Ev3/ESv3 Series
E64i v3,AP Southeast,3364.57,v3,Ev3/ESv3 Series
E64i v3,EU North,2964.5299999999997,v3,Ev3/ESv3 Series
E64is v3,AP East,3511.2999999999997,v3,Ev3/ESv3 Series
E64is v3,US West,2943.36,v3,Ev3/ESv3 Series
E64is v3,US West 2,2649.17,v3,Ev3/ESv3 Series
E64is v3,US East,2649.17,v3,Ev3/ESv3 Series
E64is v3,US East 2,2649.17,v3,Ev3/ESv3 Series
E64is v3,EU West,3194.48,v3,Ev3/ESv3 Series
E64is v3,AP Southeast,3364.57,v3,Ev3/ESv3 Series
E64is v3,EU North,2964.5299999999997,v3,Ev3/ESv3 Series
E64s v3,AP East,3511.2999999999997,v3,Ev3/ESv3 Series
E64s v3,US West,2943.36,v3,Ev3/ESv3 Series
E64s v3,EU North,2964.5299999999997,v3,Ev3/ESv3 Series
E64s v3,EU West,3194.48,v3,Ev3/ESv3 Series
E64s v3,US East 2,2649.17,v3,Ev3/ESv3 Series
E64s v3,US West 2,2649.17,v3,Ev3/ESv3 Series
E64s v3,AP Southeast,3364.57,v3,Ev3/ESv3 Series
E64s v3,US East,2649.17,v3,Ev3/ESv3 Series
E8 v3,AP East,487.64000000000004,v3,Ev3/ESv3 Series
E8 v3,US West,408.8,v3,Ev3/ESv3 Series
E8 v3,US East,367.92,v3,Ev3/ESv3 Series
E8 v3,US West 2,367.92,v3,Ev3/ESv3 Series
E8 v3,EU North,411.71999999999997,v3,Ev3/ESv3 Series
E8 v3,US East 2,388.36,v3,Ev3/ESv3 Series
E8 v3,AP Southeast,467.2,v3,Ev3/ESv3 Series
E8 v3,EU West,467.2,v3,Ev3/ESv3 Series
E8s v3,AP East,487.64000000000004,v3,Ev3/ESv3 Series
E8s v3,US West,408.8,v3,Ev3/ESv3 Series
E8s v3,US East,367.92,v3,Ev3/ESv3 Series
E8s v3,US West 2,367.92,v3,Ev3/ESv3 Series
E8s v3,EU North,411.71999999999997,v3,Ev3/ESv3 Series
E8s v3,US East 2,388.36,v3,Ev3/ESv3 Series
E8s v3,AP Southeast,467.2,v3,Ev3/ESv3 Series
E8s v3,EU West,467.2,v3,Ev3/ESv3 Series
NC12s v3,AP Southeast,6181.64,v3,NCSv3 Series
NC12s v3,EU West,5581.58,v3,NCSv3 Series
NC12s v3,US West 2,4467.6,v3,NCSv3 Series
NC12s v3,US East 2,4467.6,v3,NCSv3 Series
NC12s v3,US East,4467.6,v3,NCSv3 Series
NC24rs v3,EU West,12279.330000000002,v3,NCSv3 Series
NC24rs v3,AP Southeast,13599.9,v3,NCSv3 Series
NC24rs v3,US West 2,9828.720000000001,v3,NCSv3 Series
NC24rs v3,US East 2,9828.720000000001,v3,NCSv3 Series
NC24rs v3,US East,9828.720000000001,v3,NCSv3 Series
NC24s v3,EU West,11163.16,v3,NCSv3 Series
NC24s v3,AP Southeast,12363.28,v3,NCSv3 Series
NC24s v3,US West 2,8935.2,v3,NCSv3 Series
NC24s v3,US East 2,8935.2,v3,NCSv3 Series
NC24s v3,US East,8935.2,v3,NCSv3 Series
NC6s v3,AP Southeast,3090.82,v3,NCSv3 Series
NC6s v3,EU West,2790.79,v3,NCSv3 Series
NC6s v3,US West 2,2233.8,v3,NCSv3 Series
NC6s v3,US East 2,2233.8,v3,NCSv3 Series
NC6s v3,US East,2233.8,v3,NCSv3 Series
NV12s v3,US West 2,832.1999999999999,v3,NVSv3 Series
NV12s v3,AP Southeast,1160.7,v3,NVSv3 Series
NV12s v3,US East,832.1999999999999,v3,NVSv3 Series
NV12s v3,EU West,1040.98,v3,NVSv3 Series
NV12s v3,EU North,883.3,v3,NVSv3 Series
NV12s v3,US West,832.1999999999999,v3,NVSv3 Series
NV24s v3,US West 2,1664.3999999999999,v3,NVSv3 Series
NV24s v3,AP Southeast,2321.4,v3,NVSv3 Series
NV24s v3,US East,1664.3999999999999,v3,NVSv3 Series
NV24s v3,EU West,2080.5,v3,NVSv3 Series
NV24s v3,EU North,1766.6,v3,NVSv3 Series
NV24s v3,US West,1664.3999999999999,v3,NVSv3 Series
NV48s v3,US West 2,3328.7999999999997,v3,NVSv3 Series
NV48s v3,AP Southeast,4642.8,v3,NVSv3 Series
NV48s v3,US West,3328.7999999999997,v3,NVSv3 Series
NV48s v3,EU West,4161,v3,NVSv3 Series
NV48s v3,US East,3328.7999999999997,v3,NVSv3 Series
NV48s v3,EU North,3531.7400000000002,v3,NVSv3 Series
D16a v4,US East 2,560.64,v4,Dav4/Dasv4 Series
D16a v4,US West 2,560.64,v4,Dav4/Dasv4 Series
D16a v4,AP Southeast,700.8,v4,Dav4/Dasv4 Series
D16a v4,EU West,671.6,v4,Dav4/Dasv4 Series
D16a v4,US East,560.64,v4,Dav4/Dasv4 Series
D16a v4,EU North,624.88,v4,Dav4/Dasv4 Series
D16as v4,US East 2,560.64,v4,Dav4/Dasv4 Series
D16as v4,US West 2,560.64,v4,Dav4/Dasv4 Series
D16as v4,AP Southeast,700.8,v4,Dav4/Dasv4 Series
D16as v4,EU West,671.6,v4,Dav4/Dasv4 Series
D16as v4,US East,560.64,v4,Dav4/Dasv4 Series
D16as v4,EU North,624.88,v4,Dav4/Dasv4 Series
D2a v4,US West 2,70.08,v4,Dav4/Dasv4 Series
D2a v4,US East 2,70.08,v4,Dav4/Dasv4 Series
D2a v4,AP Southeast,87.6,v4,Dav4/Dasv4 Series
D2a v4,EU West,83.95,v4,Dav4/Dasv4 Series
D2a v4,US East,70.08,v4,Dav4/Dasv4 Series
D2a v4,EU North,78.11,v4,Dav4/Dasv4 Series
D2as v4,US West 2,70.08,v4,Dav4/Dasv4 Series
D2as v4,US East 2,70.08,v4,Dav4/Dasv4 Series
D2as v4,AP Southeast,87.6,v4,Dav4/Dasv4 Series
D2as v4,EU West,83.95,v4,Dav4/Dasv4 Series
D2as v4,US East,70.08,v4,Dav4/Dasv4 Series
D2as v4,EU North,78.11,v4,Dav4/Dasv4 Series
D32a v4,US East 2,1121.28,v4,Dav4/Dasv4 Series
D32a v4,US East,1121.28,v4,Dav4/Dasv4 Series
D32a v4,EU West,1343.2,v4,Dav4/Dasv4 Series
D32a v4,US West 2,1121.28,v4,Dav4/Dasv4 Series
D32a v4,AP Southeast,1401.6,v4,Dav4/Dasv4 Series
D32a v4,EU North,1249.76,v4,Dav4/Dasv4 Series
D32as v4,US East 2,1121.28,v4,Dav4/Dasv4 Series
D32as v4,US East,1121.28,v4,Dav4/Dasv4 Series
D32as v4,EU West,1343.2,v4,Dav4/Dasv4 Series
D32as v4,US West 2,1121.28,v4,Dav4/Dasv4 Series
D32as v4,AP Southeast,1401.6,v4,Dav4/Dasv4 Series
D32as v4,EU North,1249.76,v4,Dav4/Dasv4 Series
D48a v4,US East 2,1681.9199999999998,v4,Dav4/Dasv4 Series
D48a v4,EU North,1874.64,v4,Dav4/Dasv4 Series
D48a v4,AP Southeast,2102.4,v4,Dav4/Dasv4 Series
D48a v4,US East,1681.9199999999998,v4,Dav4/Dasv4 Series
D48a v4,EU West,2014.8,v4,Dav4/Dasv4 Series
D48a v4,US West 2,1681.9199999999998,v4,Dav4/Dasv4 Series
D48as v4,US East 2,1681.9199999999998,v4,Dav4/Dasv4 Series
D48as v4,EU North,1874.64,v4,Dav4/Dasv4 Series
D48as v4,AP Southeast,2102.4,v4,Dav4/Dasv4 Series
D48as v4,US East,1681.9199999999998,v4,Dav4/Dasv4 Series
D48as v4,EU West,2014.8,v4,Dav4/Dasv4 Series
D48as v4,US West 2,1681.9199999999998,v4,Dav4/Dasv4 Series
D4a v4,US West 2,140.16,v4,Dav4/Dasv4 Series
D4a v4,US East,140.16,v4,Dav4/Dasv4 Series
D4a v4,EU West,167.9,v4,Dav4/Dasv4 Series
D4a v4,US East 2,140.16,v4,Dav4/Dasv4 Series
D4a v4,AP Southeast,175.2,v4,Dav4/Dasv4 Series
D4a v4,EU North,156.22,v4,Dav4/Dasv4 Series
D4as v4,US West 2,140.16,v4,Dav4/Dasv4 Series
D4as v4,US East,140.16,v4,Dav4/Dasv4 Series
D4as v4,EU West,167.9,v4,Dav4/Dasv4 Series
D4as v4,US East 2,140.16,v4,Dav4/Dasv4 Series
D4as v4,AP Southeast,175.2,v4,Dav4/Dasv4 Series
D4as v4,EU North,156.22,v4,Dav4/Dasv4 Series
D64a v4,US West 2,2242.56,v4,Dav4/Dasv4 Series
D64a v4,EU North,2499.52,v4,Dav4/Dasv4 Series
D64a v4,AP Southeast,2803.2,v4,Dav4/Dasv4 Series
D64a v4,EU West,2686.4,v4,Dav4/Dasv4 Series
D64a v4,US East 2,2242.56,v4,Dav4/Dasv4 Series
D64a v4,US East,2242.56,v4,Dav4/Dasv4 Series
D64as v4,US West 2,2242.56,v4,Dav4/Dasv4 Series
D64as v4,EU North,2499.52,v4,Dav4/Dasv4 Series
D64as v4,AP Southeast,2803.2,v4,Dav4/Dasv4 Series
D64as v4,EU West,2686.4,v4,Dav4/Dasv4 Series
D64as v4,US East 2,2242.56,v4,Dav4/Dasv4 Series
D64as v4,US East,2242.56,v4,Dav4/Dasv4 Series
D8a v4,AP Southeast,350.4,v4,Dav4/Dasv4 Series
D8a v4,US West 2,280.32,v4,Dav4/Dasv4 Series
D8a v4,EU West,335.8,v4,Dav4/Dasv4 Series
D8a v4,EU North,312.44,v4,Dav4/Dasv4 Series
D8a v4,US East,280.32,v4,Dav4/Dasv4 Series
D8a v4,US East 2,280.32,v4,Dav4/Dasv4 Series
D8as v4,AP Southeast,350.4,v4,Dav4/Dasv4 Series
D8as v4,US West 2,280.32,v4,Dav4/Dasv4 Series
D8as v4,EU West,335.8,v4,Dav4/Dasv4 Series
D8as v4,EU North,312.44,v4,Dav4/Dasv4 Series
D8as v4,US East,280.32,v4,Dav4/Dasv4 Series
D8as v4,US East 2,280.32,v4,Dav4/Dasv4 Series
D96a v4,US East 2,3363.8399999999997,v4,Dav4/Dasv4 Series
D96a v4,AP Southeast,4204.8,v4,Dav4/Dasv4 Series
D96a v4,US West 2,3363.8399999999997,v4,Dav4/Dasv4 Series
D96a v4,US East,3363.8399999999997,v4,Dav4/Dasv4 Series
D96a v4,EU West,4029.6,v4,Dav4/Dasv4 Series
D96a v4,EU North,3749.28,v4,Dav4/Dasv4 Series
D96as v4,US East 2,3363.8399999999997,v4,Dav4/Dasv4 Series
D96as v4,AP Southeast,4204.8,v4,Dav4/Dasv4 Series
D96as v4,US West 2,3363.8399999999997,v4,Dav4/Dasv4 Series
D96as v4,US East,3363.8399999999997,v4,Dav4/Dasv4 Series
D96as v4,EU West,4029.6,v4,Dav4/Dasv4 Series
D96as v4,EU North,3749.28,v4,Dav4/Dasv4 Series
E16a v4,EU West,887.68,v4,Eav4/Easv4 Series
E16a v4,US West 2,735.84,v4,Eav4/Easv4 Series
E16a v4,EU North,823.4399999999999,v4,Eav4/Easv4 Series
E16a v4,US East 2,735.84,v4,Eav4/Easv4 Series
E16a v4,US East,735.84,v4,Eav4/Easv4 Series
E16a v4,AP Southeast,887.68,v4,Eav4/Easv4 Series
E16as v4,EU West,887.68,v4,Eav4/Easv4 Series
E16as v4,US West 2,735.84,v4,Eav4/Easv4 Series
E16as v4,EU North,823.4399999999999,v4,Eav4/Easv4 Series
E16as v4,US East 2,735.84,v4,Eav4/Easv4 Series
E16as v4,US East,735.84,v4,Eav4/Easv4 Series
E16as v4,AP Southeast,887.68,v4,Eav4/Easv4 Series
E20a v4,US East,919.8,v4,Eav4/Easv4 Series
E20a v4,EU North,1029.3,v4,Eav4/Easv4 Series
E20a v4,US West 2,919.8,v4,Eav4/Easv4 Series
E20a v4,US East 2,919.8,v4,Eav4/Easv4 Series
E20a v4,AP Southeast,1109.6,v4,Eav4/Easv4 Series
E20a v4,EU West,1109.6,v4,Eav4/Easv4 Series
E20as v4,US East,919.8,v4,Eav4/Easv4 Series
E20as v4,EU North,1029.3,v4,Eav4/Easv4 Series
E20as v4,US West 2,919.8,v4,Eav4/Easv4 Series
E20as v4,US East 2,919.8,v4,Eav4/Easv4 Series
E20as v4,AP Southeast,1109.6,v4,Eav4/Easv4 Series
E20as v4,EU West,1109.6,v4,Eav4/Easv4 Series
E2a v4,EU West,110.96,v4,Eav4/Easv4 Series
E2a v4,AP Southeast,110.96,v4,Eav4/Easv4 Series
E2a v4,US East 2,91.98,v4,Eav4/Easv4 Series
E2a v4,EU North,102.92999999999999,v4,Eav4/Easv4 Series
E2a v4,US East,91.98,v4,Eav4/Easv4 Series
E2a v4,US West 2,91.98,v4,Eav4/Easv4 Series
E2as v4,EU West,110.96,v4,Eav4/Easv4 Series
E2as v4,AP Southeast,110.96,v4,Eav4/Easv4 Series
E2as v4,US East 2,91.98,v4,Eav4/Easv4 Series
E2as v4,EU North,102.92999999999999,v4,Eav4/Easv4 Series
E2as v4,US East,91.98,v4,Eav4/Easv4 Series
E2as v4,US West 2,91.98,v4,Eav4/Easv4 Series
E32a v4,EU West,1775.36,v4,Eav4/Easv4 Series
E32a v4,US East,1471.68,v4,Eav4/Easv4 Series
E32a v4,AP Southeast,1775.36,v4,Eav4/Easv4 Series
E32a v4,US West 2,1471.68,v4,Eav4/Easv4 Series
E32a v4,EU North,1646.8799999999999,v4,Eav4/Easv4 Series
E32a v4,US East 2,1471.68,v4,Eav4/Easv4 Series
E32as v4,EU West,1775.36,v4,Eav4/Easv4 Series
E32as v4,US East,1471.68,v4,Eav4/Easv4 Series
E32as v4,AP Southeast,1775.36,v4,Eav4/Easv4 Series
E32as v4,US West 2,1471.68,v4,Eav4/Easv4 Series
E32as v4,EU North,1646.8799999999999,v4,Eav4/Easv4 Series
E32as v4,US East 2,1471.68,v4,Eav4/Easv4 Series
E48a v4,AP Southeast,2663.04,v4,Eav4/Easv4 Series
E48a v4,US East 2,2207.52,v4,Eav4/Easv4 Series
E48a v4,EU North,2470.3199999999997,v4,Eav4/Easv4 Series
E48a v4,US East,2207.52,v4,Eav4/Easv4 Series
E48a v4,EU West,2663.04,v4,Eav4/Easv4 Series
E48a v4,US West 2,2207.52,v4,Eav4/Easv4 Series
E48as v4,AP Southeast,2663.04,v4,Eav4/Easv4 Series
E48as v4,US East 2,2207.52,v4,Eav4/Easv4 Series
E48as v4,EU North,2470.3199999999997,v4,Eav4/Easv4 Series
E48as v4,US East,2207.52,v4,Eav4/Easv4 Series
E48as v4,EU West,2663.04,v4,Eav4/Easv4 Series
E48as v4,US West 2,2207.52,v4,Eav4/Easv4 Series
E4a v4,US West 2,183.96,v4,Eav4/Easv4 Series
E4a v4,US East 2,183.96,v4,Eav4/Easv4 Series
E4a v4,EU North,205.85999999999999,v4,Eav4/Easv4 Series
E4a v4,EU West,221.92,v4,Eav4/Easv4 Series
E4a v4,AP Southeast,221.92,v4,Eav4/Easv4 Series
E4a v4,US East,183.96,v4,Eav4/Easv4 Series
E4as v4,US West 2,183.96,v4,Eav4/Easv4 Series
E4as v4,US East 2,183.96,v4,Eav4/Easv4 Series
E4as v4,EU North,205.85999999999999,v4,Eav4/Easv4 Series
E4as v4,EU West,221.92,v4,Eav4/Easv4 Series
E4as v4,AP Southeast,221.92,v4,Eav4/Easv4 Series
E4as v4,US East,183.96,v4,Eav4/Easv4 Series
E64a v4,EU West,3550.72,v4,Eav4/Easv4 Series
E64a v4,US East,2943.36,v4,Eav4/Easv4 Series
E64a v4,EU North,3293.7599999999998,v4,Eav4/Easv4 Series
E64a v4,US West 2,2943.36,v4,Eav4/Easv4 Series
E64a v4,US East 2,2943.36,v4,Eav4/Easv4 Series
E64a v4,AP Southeast,3550.72,v4,Eav4/Easv4 Series
E64as v4,EU West,3550.72,v4,Eav4/Easv4 Series
E64as v4,US East,2943.36,v4,Eav4/Easv4 Series
E64as v4,EU North,3293.7599999999998,v4,Eav4/Easv4 Series
E64as v4,US West 2,2943.36,v4,Eav4/Easv4 Series
E64as v4,US East 2,2943.36,v4,Eav4/Easv4 Series
E64as v4,AP Southeast,3550.72,v4,Eav4/Easv4 Series
E8a v4,AP Southeast,443.84,v4,Eav4/Easv4 Series
E8a v4,US East,367.92,v4,Eav4/Easv4 Series
E8a v4,EU West,443.84,v4,Eav4/Easv4 Series
E8a v4,US East 2,367.92,v4,Eav4/Easv4 Series
E8a v4,US West 2,367.92,v4,Eav4/Easv4 Series
E8a v4,EU North,411.71999999999997,v4,Eav4/Easv4 Series
E8as v4,AP Southeast,443.84,v4,Eav4/Easv4 Series
E8as v4,US East,367.92,v4,Eav4/Easv4 Series
E8as v4,EU West,443.84,v4,Eav4/Easv4 Series
E8as v4,US East 2,367.92,v4,Eav4/Easv4 Series
E8as v4,US West 2,367.92,v4,Eav4/Easv4 Series
E8as v4,EU North,411.71999999999997,v4,Eav4/Easv4 Series
E96a v4,US East,4415.04,v4,Eav4/Easv4 Series
E96a v4,AP Southeast,5326.08,v4,Eav4/Easv4 Series
E96a v4,EU West,5326.08,v4,Eav4/Easv4 Series
E96a v4,US West 2,4415.04,v4,Eav4/Easv4 Series
E96a v4,EU North,4940.639999999999,v4,Eav4/Easv4 Series
E96a v4,US East 2,4415.04,v4,Eav4/Easv4 Series
E96as v4,US East,4415.04,v4,Eav4/Easv4 Series
E96as v4,AP Southeast,5326.08,v4,Eav4/Easv4 Series
E96as v4,EU West,5326.08,v4,Eav4/Easv4 Series
E96as v4,US West 2,4415.04,v4,Eav4/Easv4 Series
E96as v4,EU North,4940.639999999999,v4,Eav4/Easv4 Series
E96as v4,US East 2,4415.04,v4,Eav4/Easv4 Series
NV16s v4,US East,340.18,v4,NVSv4 Series
NV16s v4,EU West,425.59,v4,NVSv4 Series
NV32s v4,US East,680.36,v4,NVSv4 Series
NV32s v4,EU West,850.45,v4,NVSv4 Series
NV4s v4,US East,84.68,v4,NVSv4 Series
NV4s v4,EU West,106.58,v4,NVSv4 Series
NV8s v4,US East,170.09,v4,NVSv4 Series
NV8s v4,EU West,212.42999999999998,v4,NVSv4 Series
